ID	Description	GeneRatio	BgRatio	pvalue	p.adjust	qvalue	geneID	Count
GO:0043618	regulation of transcription from RNA polymerase II promoter in response to stress	2/21	39/18903	0.000849699389721001	0.187560743126794	0.148324819571282	BAG3/MUC1	2
GO:0043620	regulation of DNA-templated transcription in response to stress	2/21	45/18903	0.00113067687592272	0.187560743126794	0.148324819571282	BAG3/MUC1	2
GO:0007566	embryo implantation	2/21	59/18903	0.00193591525885653	0.187560743126794	0.148324819571282	STC1/ITGB4	2
GO:0001666	response to hypoxia	3/21	296/18903	0.00410161110447868	0.187560743126794	0.148324819571282	MIR126/STC1/HIF3A	3
GO:0033627	cell adhesion mediated by integrin	2/21	88/18903	0.0042480740904241	0.187560743126794	0.148324819571282	MUC1/ITGB4	2
GO:0036293	response to decreased oxygen levels	3/21	309/18903	0.00462504364689467	0.187560743126794	0.148324819571282	MIR126/STC1/HIF3A	3
GO:0021510	spinal cord development	2/21	98/18903	0.00523948319313658	0.187560743126794	0.148324819571282	BAG3/GLI2	2
GO:0070482	response to oxygen levels	3/21	337/18903	0.00588592106940593	0.187560743126794	0.148324819571282	MIR126/STC1/HIF3A	3
GO:0022600	digestive system process	2/21	106/18903	0.00610192922896605	0.187560743126794	0.148324819571282	SERPINA3/NPC1L1	2
GO:0045861	negative regulation of proteolysis	3/21	352/18903	0.0066385895189972	0.187560743126794	0.148324819571282	SERPINA3/MIR126/PAPLN	3
GO:0051346	negative regulation of hydrolase activity	3/21	373/18903	0.00778548123465997	0.187560743126794	0.148324819571282	SERPINA3/TMEM225/PAPLN	3
GO:0006022	aminoglycan metabolic process	2/21	134/18903	0.0095900323077025	0.187560743126794	0.148324819571282	HS3ST3B1/CHI3L2	2
GO:0007586	digestion	2/21	139/18903	0.0102875207993453	0.187560743126794	0.148324819571282	SERPINA3/NPC1L1	2
GO:0006875	cellular metal ion homeostasis	3/21	420/18903	0.010758734009792	0.187560743126794	0.148324819571282	STC1/CP/TMPRSS3	3
GO:0010944	negative regulation of transcription by competitive promoter binding	1/21	10/18903	0.0110565932231407	0.187560743126794	0.148324819571282	MUC1	1
GO:0035878	nail development	1/21	10/18903	0.0110565932231407	0.187560743126794	0.148324819571282	ITGB4	1
GO:0060536	cartilage morphogenesis	1/21	10/18903	0.0110565932231407	0.187560743126794	0.148324819571282	STC1	1
GO:0071918	urea transmembrane transport	1/21	10/18903	0.0110565932231407	0.187560743126794	0.148324819571282	SLC14A1	1
GO:0097201	negative regulation of transcription from RNA polymerase II promoter in response to stress	1/21	10/18903	0.0110565932231407	0.187560743126794	0.148324819571282	BAG3	1
GO:0071456	cellular response to hypoxia	2/21	151/18903	0.0120507522322307	0.187560743126794	0.148324819571282	MIR126/STC1	2
GO:0015840	urea transport	1/21	11/18903	0.0121558263540523	0.187560743126794	0.148324819571282	SLC14A1	1
GO:0033089	positive regulation of T cell differentiation in thymus	1/21	11/18903	0.0121558263540523	0.187560743126794	0.148324819571282	GLI2	1
GO:0033504	floor plate development	1/21	11/18903	0.0121558263540523	0.187560743126794	0.148324819571282	GLI2	1
GO:0060579	ventral spinal cord interneuron fate commitment	1/21	11/18903	0.0121558263540523	0.187560743126794	0.148324819571282	GLI2	1
GO:0060581	cell fate commitment involved in pattern specification	1/21	11/18903	0.0121558263540523	0.187560743126794	0.148324819571282	GLI2	1
GO:0048754	branching morphogenesis of an epithelial tube	2/21	157/18903	0.012978828894983	0.187560743126794	0.148324819571282	HS3ST3B1/GLI2	2
GO:0001886	endothelial cell morphogenesis	1/21	12/18903	0.0132538957827294	0.187560743126794	0.148324819571282	STC1	1
GO:0033629	negative regulation of cell adhesion mediated by integrin	1/21	12/18903	0.0132538957827294	0.187560743126794	0.148324819571282	MUC1	1
GO:0043589	skin morphogenesis	1/21	12/18903	0.0132538957827294	0.187560743126794	0.148324819571282	ITGB4	1
GO:0036294	cellular response to decreased oxygen levels	2/21	159/18903	0.013294969561633	0.187560743126794	0.148324819571282	MIR126/STC1	2
GO:0021514	ventral spinal cord interneuron differentiation	1/21	13/18903	0.0143508026795881	0.187560743126794	0.148324819571282	GLI2	1
GO:0034616	response to laminar fluid shear stress	1/21	13/18903	0.0143508026795881	0.187560743126794	0.148324819571282	MIR126	1
GO:0098840	protein transport along microtubule	1/21	13/18903	0.0143508026795881	0.187560743126794	0.148324819571282	BAG3	1
GO:0099118	microtubule-based protein transport	1/21	13/18903	0.0143508026795881	0.187560743126794	0.148324819571282	BAG3	1
GO:0046348	amino sugar catabolic process	1/21	14/18903	0.0154465482139305	0.187560743126794	0.148324819571282	CHI3L2	1
GO:0090239	regulation of histone H4 acetylation	1/21	14/18903	0.0154465482139305	0.187560743126794	0.148324819571282	MUC1	1
GO:0071453	cellular response to oxygen levels	2/21	175/18903	0.0159440073479149	0.187560743126794	0.148324819571282	MIR126/STC1	2
GO:0001667	ameboidal-type cell migration	3/21	492/18903	0.0164478232568952	0.187560743126794	0.148324819571282	MIR126/STC1/ITGB4	3
GO:0090280	positive regulation of calcium ion import	1/21	15/18903	0.0165411335539433	0.187560743126794	0.148324819571282	STC1	1
GO:1902166	negative regulation of intrinsic apoptotic signaling pathway in response to DNA damage by p53 class mediator	1/21	15/18903	0.0165411335539433	0.187560743126794	0.148324819571282	MUC1	1
GO:0030003	cellular cation homeostasis	3/21	499/18903	0.0170761251220786	0.187560743126794	0.148324819571282	STC1/CP/TMPRSS3	3
GO:0006825	copper ion transport	1/21	16/18903	0.0176345598667014	0.187560743126794	0.148324819571282	CP	1
GO:0061684	chaperone-mediated autophagy	1/21	16/18903	0.0176345598667014	0.187560743126794	0.148324819571282	BAG3	1
GO:0071501	cellular response to sterol depletion	1/21	16/18903	0.0176345598667014	0.187560743126794	0.148324819571282	NPC1L1	1
GO:0061138	morphogenesis of a branching epithelium	2/21	188/18903	0.0182497176659592	0.187560743126794	0.148324819571282	HS3ST3B1/GLI2	2
GO:0007565	female pregnancy	2/21	189/18903	0.0184326474309703	0.187560743126794	0.148324819571282	STC1/ITGB4	2
GO:0021513	spinal cord dorsal/ventral patterning	1/21	17/18903	0.0187268283181653	0.187560743126794	0.148324819571282	GLI2	1
GO:1902165	regulation of intrinsic apoptotic signaling pathway in response to DNA damage by p53 class mediator	1/21	17/18903	0.0187268283181653	0.187560743126794	0.148324819571282	MUC1	1
GO:0002076	osteoblast development	1/21	18/18903	0.019817940073186	0.187560743126794	0.148324819571282	GLI2	1
GO:0006977	DNA damage response, signal transduction by p53 class mediator resulting in cell cycle arrest	1/21	18/18903	0.019817940073186	0.187560743126794	0.148324819571282	MUC1	1
GO:0006978	DNA damage response, signal transduction by p53 class mediator resulting in transcription of p21 class mediator	1/21	18/18903	0.019817940073186	0.187560743126794	0.148324819571282	MUC1	1
GO:0006991	response to sterol depletion	1/21	18/18903	0.019817940073186	0.187560743126794	0.148324819571282	NPC1L1	1
GO:0046827	positive regulation of protein export from nucleus	1/21	18/18903	0.019817940073186	0.187560743126794	0.148324819571282	BAG3	1
GO:0061450	trophoblast cell migration	1/21	18/18903	0.019817940073186	0.187560743126794	0.148324819571282	ITGB4	1
GO:0003417	growth plate cartilage development	1/21	19/18903	0.0209078962955033	0.187560743126794	0.148324819571282	STC1	1
GO:0021511	spinal cord patterning	1/21	19/18903	0.0209078962955033	0.187560743126794	0.148324819571282	GLI2	1
GO:0030299	intestinal cholesterol absorption	1/21	19/18903	0.0209078962955033	0.187560743126794	0.148324819571282	NPC1L1	1
GO:0036003	positive regulation of transcription from RNA polymerase II promoter in response to stress	1/21	19/18903	0.0209078962955033	0.187560743126794	0.148324819571282	MUC1	1
GO:0042772	DNA damage response, signal transduction resulting in transcription	1/21	19/18903	0.0209078962955033	0.187560743126794	0.148324819571282	MUC1	1
GO:0001763	morphogenesis of a branching structure	2/21	203/18903	0.0210754142783223	0.187560743126794	0.148324819571282	HS3ST3B1/GLI2	2
GO:0044703	multi-organism reproductive process	2/21	209/18903	0.0222539976945915	0.187560743126794	0.148324819571282	STC1/ITGB4	2
GO:0071498	cellular response to fluid shear stress	1/21	21/18903	0.0230843467914437	0.187560743126794	0.148324819571282	MIR126	1
GO:0044706	multi-multicellular organism process	2/21	218/18903	0.0240724430704269	0.187560743126794	0.148324819571282	STC1/ITGB4	2
GO:0006883	cellular sodium ion homeostasis	1/21	22/18903	0.0241708433870043	0.187560743126794	0.148324819571282	TMPRSS3	1
GO:0030277	maintenance of gastrointestinal epithelium	1/21	22/18903	0.0241708433870043	0.187560743126794	0.148324819571282	SERPINA3	1
GO:0032288	myelin assembly	1/21	22/18903	0.0241708433870043	0.187560743126794	0.148324819571282	ITGB4	1
GO:0044062	regulation of excretion	1/21	22/18903	0.0241708433870043	0.187560743126794	0.148324819571282	STC1	1
GO:1903589	positive regulation of blood vessel endothelial cell proliferation involved in sprouting angiogenesis	1/21	22/18903	0.0241708433870043	0.187560743126794	0.148324819571282	MIR126	1
GO:0044241	lipid digestion	1/21	23/18903	0.0252561890937401	0.187560743126794	0.148324819571282	NPC1L1	1
GO:0098856	intestinal lipid absorption	1/21	23/18903	0.0252561890937401	0.187560743126794	0.148324819571282	NPC1L1	1
GO:1902254	negative regulation of intrinsic apoptotic signaling pathway by p53 class mediator	1/21	23/18903	0.0252561890937401	0.187560743126794	0.148324819571282	MUC1	1
GO:0035988	chondrocyte proliferation	1/21	24/18903	0.0263403850698537	0.187560743126794	0.148324819571282	STC1	1
GO:0051923	sulfation	1/21	24/18903	0.0263403850698537	0.187560743126794	0.148324819571282	HS3ST3B1	1
GO:0070841	inclusion body assembly	1/21	24/18903	0.0263403850698537	0.187560743126794	0.148324819571282	BAG3	1
GO:0010594	regulation of endothelial cell migration	2/21	230/18903	0.026589475357995	0.187560743126794	0.148324819571282	MIR126/STC1	2
GO:0006833	water transport	1/21	25/18903	0.0274234324724456	0.187560743126794	0.148324819571282	SLC14A1	1
GO:0019755	one-carbon compound transport	1/21	25/18903	0.0274234324724456	0.187560743126794	0.148324819571282	SLC14A1	1
GO:0046697	decidualization	1/21	25/18903	0.0274234324724456	0.187560743126794	0.148324819571282	STC1	1
GO:0046716	muscle cell cellular homeostasis	1/21	25/18903	0.0274234324724456	0.187560743126794	0.148324819571282	BAG3	1
GO:1901071	glucosamine-containing compound metabolic process	1/21	25/18903	0.0274234324724456	0.187560743126794	0.148324819571282	CHI3L2	1
GO:1905563	negative regulation of vascular endothelial cell proliferation	1/21	25/18903	0.0274234324724456	0.187560743126794	0.148324819571282	MIR126	1
GO:0033081	regulation of T cell differentiation in thymus	1/21	27/18903	0.0295860861799461	0.187560743126794	0.148324819571282	GLI2	1
GO:1905564	positive regulation of vascular endothelial cell proliferation	1/21	27/18903	0.0295860861799461	0.187560743126794	0.148324819571282	MIR126	1
GO:0003416	endochondral bone growth	1/21	28/18903	0.0306656947935414	0.187560743126794	0.148324819571282	STC1	1
GO:0021952	central nervous system projection neuron axonogenesis	1/21	28/18903	0.0306656947935414	0.187560743126794	0.148324819571282	GLI2	1
GO:1903672	positive regulation of sprouting angiogenesis	1/21	28/18903	0.0306656947935414	0.187560743126794	0.148324819571282	MIR126	1
GO:0010951	negative regulation of endopeptidase activity	2/21	252/18903	0.0314693225376857	0.187560743126794	0.148324819571282	SERPINA3/PAPLN	2
GO:0022011	myelination in peripheral nervous system	1/21	29/18903	0.0317441594509895	0.187560743126794	0.148324819571282	ITGB4	1
GO:0031571	mitotic G1 DNA damage checkpoint signaling	1/21	29/18903	0.0317441594509895	0.187560743126794	0.148324819571282	MUC1	1
GO:0032292	peripheral nervous system axon ensheathment	1/21	29/18903	0.0317441594509895	0.187560743126794	0.148324819571282	ITGB4	1
GO:0097254	renal tubular secretion	1/21	29/18903	0.0317441594509895	0.187560743126794	0.148324819571282	STC1	1
GO:0044819	mitotic G1/S transition checkpoint signaling	1/21	30/18903	0.0328214813038841	0.187560743126794	0.148324819571282	MUC1	1
GO:1902230	negative regulation of intrinsic apoptotic signaling pathway in response to DNA damage	1/21	30/18903	0.0328214813038841	0.187560743126794	0.148324819571282	MUC1	1
GO:0015012	heparan sulfate proteoglycan biosynthetic process	1/21	31/18903	0.033897661502719	0.187560743126794	0.148324819571282	HS3ST3B1	1
GO:0031069	hair follicle morphogenesis	1/21	31/18903	0.033897661502719	0.187560743126794	0.148324819571282	GLI2	1
GO:0098868	bone growth	1/21	31/18903	0.033897661502719	0.187560743126794	0.148324819571282	STC1	1
GO:0010466	negative regulation of peptidase activity	2/21	263/18903	0.0340334643349341	0.187560743126794	0.148324819571282	SERPINA3/PAPLN	2
GO:0010669	epithelial structure maintenance	1/21	32/18903	0.0349727011968927	0.187560743126794	0.148324819571282	SERPINA3	1
GO:0014044	Schwann cell development	1/21	32/18903	0.0349727011968927	0.187560743126794	0.148324819571282	ITGB4	1
GO:0046825	regulation of protein export from nucleus	1/21	32/18903	0.0349727011968927	0.187560743126794	0.148324819571282	BAG3	1
GO:0048665	neuron fate specification	1/21	32/18903	0.0349727011968927	0.187560743126794	0.148324819571282	GLI2	1
GO:0048566	embryonic digestive tract development	1/21	33/18903	0.036046601534706	0.187560743126794	0.148324819571282	GLI2	1
GO:0060351	cartilage development involved in endochondral bone morphogenesis	1/21	33/18903	0.036046601534706	0.187560743126794	0.148324819571282	STC1	1
GO:0090279	regulation of calcium ion import	1/21	33/18903	0.036046601534706	0.187560743126794	0.148324819571282	STC1	1
GO:0098801	regulation of renal system process	1/21	33/18903	0.036046601534706	0.187560743126794	0.148324819571282	STC1	1
GO:1902253	regulation of intrinsic apoptotic signaling pathway by p53 class mediator	1/21	33/18903	0.036046601534706	0.187560743126794	0.148324819571282	MUC1	1
GO:0003382	epithelial cell morphogenesis	1/21	34/18903	0.0371193636633631	0.187560743126794	0.148324819571282	STC1	1
GO:0009954	proximal/distal pattern formation	1/21	34/18903	0.0371193636633631	0.187560743126794	0.148324819571282	GLI2	1
GO:0010664	negative regulation of striated muscle cell apoptotic process	1/21	34/18903	0.0371193636633631	0.187560743126794	0.148324819571282	BAG3	1
GO:0021696	cerebellar cortex morphogenesis	1/21	34/18903	0.0371193636633631	0.187560743126794	0.148324819571282	GLI2	1
GO:0034405	response to fluid shear stress	1/21	34/18903	0.0371193636633631	0.187560743126794	0.148324819571282	MIR126	1
GO:0035066	positive regulation of histone acetylation	1/21	34/18903	0.0371193636633631	0.187560743126794	0.148324819571282	MUC1	1
GO:0042044	fluid transport	1/21	34/18903	0.0371193636633631	0.187560743126794	0.148324819571282	SLC14A1	1
GO:0048333	mesodermal cell differentiation	1/21	34/18903	0.0371193636633631	0.187560743126794	0.148324819571282	ITGB4	1
GO:0086004	regulation of cardiac muscle cell contraction	1/21	34/18903	0.0371193636633631	0.187560743126794	0.148324819571282	STC1	1
GO:1901797	negative regulation of signal transduction by p53 class mediator	1/21	34/18903	0.0371193636633631	0.187560743126794	0.148324819571282	MUC1	1
GO:0001893	maternal placenta development	1/21	35/18903	0.0381909887289773	0.187560743126794	0.148324819571282	STC1	1
GO:0048730	epidermis morphogenesis	1/21	35/18903	0.0381909887289773	0.187560743126794	0.148324819571282	GLI2	1
GO:0090050	positive regulation of cell migration involved in sprouting angiogenesis	1/21	35/18903	0.0381909887289773	0.187560743126794	0.148324819571282	MIR126	1
GO:2000352	negative regulation of endothelial cell apoptotic process	1/21	35/18903	0.0381909887289773	0.187560743126794	0.148324819571282	MIR126	1
GO:0043542	endothelial cell migration	2/21	281/18903	0.0384007612831506	0.187560743126794	0.148324819571282	MIR126/STC1	2
GO:0006026	aminoglycan catabolic process	1/21	36/18903	0.0392614778765654	0.18864661321179	0.149183535962303	CHI3L2	1
GO:0033280	response to vitamin D	1/21	36/18903	0.0392614778765654	0.18864661321179	0.149183535962303	STC1	1
GO:0007588	excretion	1/21	37/18903	0.0403308322500531	0.189170808410963	0.149598074511475	STC1	1
GO:0010923	negative regulation of phosphatase activity	1/21	37/18903	0.0403308322500531	0.189170808410963	0.149598074511475	TMEM225	1
GO:0021955	central nervous system neuron axonogenesis	1/21	37/18903	0.0403308322500531	0.189170808410963	0.149598074511475	GLI2	1
GO:0010632	regulation of epithelial cell migration	2/21	292/18903	0.0411710570442972	0.18966542882507	0.149989225039328	MIR126/STC1	2
GO:0014037	Schwann cell differentiation	1/21	38/18903	0.0413990529922741	0.18966542882507	0.149989225039328	ITGB4	1
GO:1902229	regulation of intrinsic apoptotic signaling pathway in response to DNA damage	1/21	38/18903	0.0413990529922741	0.18966542882507	0.149989225039328	MUC1	1
GO:0030201	heparan sulfate proteoglycan metabolic process	1/21	40/18903	0.0435320981488031	0.191545871276452	0.151476296814934	HS3ST3B1	1
GO:0042307	positive regulation of protein import into nucleus	1/21	40/18903	0.0435320981488031	0.191545871276452	0.151476296814934	BAG3	1
GO:0045740	positive regulation of DNA replication	1/21	40/18903	0.0435320981488031	0.191545871276452	0.151476296814934	GLI2	1
GO:1903115	regulation of actin filament-based movement	1/21	40/18903	0.0435320981488031	0.191545871276452	0.151476296814934	STC1	1
GO:2000758	positive regulation of peptidyl-lysine acetylation	1/21	40/18903	0.0435320981488031	0.191545871276452	0.151476296814934	MUC1	1
GO:0043588	skin development	2/21	302/18903	0.043754133032692	0.191545871276452	0.151476296814934	GLI2/ITGB4	2
GO:0006040	amino sugar metabolic process	1/21	41/18903	0.0445969248433312	0.19275305627155	0.152430950190699	CHI3L2	1
GO:0001822	kidney development	2/21	309/18903	0.0455980591432844	0.19275305627155	0.152430950190699	HS3ST3B1/GLI2	2
GO:0021587	cerebellum morphogenesis	1/21	42/18903	0.0456606224670338	0.19275305627155	0.152430950190699	GLI2	1
GO:0021983	pituitary gland development	1/21	42/18903	0.0456606224670338	0.19275305627155	0.152430950190699	GLI2	1
GO:0050892	intestinal absorption	1/21	42/18903	0.0456606224670338	0.19275305627155	0.152430950190699	NPC1L1	1
GO:0042771	intrinsic apoptotic signaling pathway in response to DNA damage by p53 class mediator	1/21	44/18903	0.0477846350504489	0.197045843907332	0.155825727482154	MUC1	1
GO:0090317	negative regulation of intracellular protein transport	1/21	44/18903	0.0477846350504489	0.197045843907332	0.155825727482154	BAG3	1
GO:1903214	regulation of protein targeting to mitochondrion	1/21	44/18903	0.0477846350504489	0.197045843907332	0.155825727482154	BAG3	1
GO:0072001	renal system development	2/21	318/18903	0.0480111700890961	0.197045843907332	0.155825727482154	HS3ST3B1/GLI2	2
GO:0006775	fat-soluble vitamin metabolic process	1/21	45/18903	0.0488449522816884	0.197721690400533	0.156360193317013	NPC1L1	1
GO:0021575	hindbrain morphogenesis	1/21	45/18903	0.0488449522816884	0.197721690400533	0.156360193317013	GLI2	1
GO:0021517	ventral spinal cord development	1/21	46/18903	0.0499041449851607	0.199791831001199	0.157997280193307	GLI2	1
GO:0051180	vitamin transport	1/21	47/18903	0.0509622142939217	0.199791831001199	0.157997280193307	NPC1L1	1
GO:0006953	acute-phase response	1/21	48/18903	0.0520191613399458	0.199791831001199	0.157997280193307	SERPINA3	1
GO:0035305	negative regulation of dephosphorylation	1/21	48/18903	0.0520191613399458	0.199791831001199	0.157997280193307	TMEM225	1
GO:0045747	positive regulation of Notch signaling pathway	1/21	48/18903	0.0520191613399458	0.199791831001199	0.157997280193307	MIR126	1
GO:1903587	regulation of blood vessel endothelial cell proliferation involved in sprouting angiogenesis	1/21	48/18903	0.0520191613399458	0.199791831001199	0.157997280193307	MIR126	1
GO:0060249	anatomical structure homeostasis	2/21	333/18903	0.0521361374938647	0.199791831001199	0.157997280193307	SERPINA3/BAG3	2
GO:0060562	epithelial tube morphogenesis	2/21	335/18903	0.0526956563224085	0.199791831001199	0.157997280193307	HS3ST3B1/GLI2	2
GO:0033628	regulation of cell adhesion mediated by integrin	1/21	49/18903	0.0530749872541256	0.199791831001199	0.157997280193307	MUC1	1
GO:0048546	digestive tract morphogenesis	1/21	49/18903	0.0530749872541256	0.199791831001199	0.157997280193307	GLI2	1
GO:0070509	calcium ion import	1/21	49/18903	0.0530749872541256	0.199791831001199	0.157997280193307	STC1	1
GO:0021515	cell differentiation in spinal cord	1/21	50/18903	0.0541296931662749	0.199941554132928	0.158115682669908	GLI2	1
GO:0021695	cerebellar cortex development	1/21	50/18903	0.0541296931662749	0.199941554132928	0.158115682669908	GLI2	1
GO:1903747	regulation of establishment of protein localization to mitochondrion	1/21	50/18903	0.0541296931662749	0.199941554132928	0.158115682669908	BAG3	1
GO:0101023	vascular endothelial cell proliferation	1/21	51/18903	0.0551832802051289	0.200081709210007	0.15822651863789	MIR126	1
GO:1901985	positive regulation of protein acetylation	1/21	51/18903	0.0551832802051289	0.200081709210007	0.15822651863789	MUC1	1
GO:1905562	regulation of vascular endothelial cell proliferation	1/21	51/18903	0.0551832802051289	0.200081709210007	0.15822651863789	MIR126	1
GO:0010656	negative regulation of muscle cell apoptotic process	1/21	53/18903	0.0572871021725008	0.205191984145139	0.162267772660863	BAG3	1
GO:0010662	regulation of striated muscle cell apoptotic process	1/21	53/18903	0.0572871021725008	0.205191984145139	0.162267772660863	BAG3	1
GO:0002043	blood vessel endothelial cell proliferation involved in sprouting angiogenesis	1/21	55/18903	0.0593864621645844	0.20754185532255	0.16412607313779	MIR126	1
GO:0055078	sodium ion homeostasis	1/21	55/18903	0.0593864621645844	0.20754185532255	0.16412607313779	TMPRSS3	1
GO:0071320	cellular response to cAMP	1/21	55/18903	0.0593864621645844	0.20754185532255	0.16412607313779	STC1	1
GO:0071385	cellular response to glucocorticoid stimulus	1/21	55/18903	0.0593864621645844	0.20754185532255	0.16412607313779	STC1	1
GO:0001655	urogenital system development	2/21	360/18903	0.0598719279423506	0.20754185532255	0.16412607313779	HS3ST3B1/GLI2	2
GO:0010658	striated muscle cell apoptotic process	1/21	57/18903	0.0614813691725243	0.20754185532255	0.16412607313779	BAG3	1
GO:0010631	epithelial cell migration	2/21	366/18903	0.061643023161295	0.20754185532255	0.16412607313779	MIR126/STC1	2
GO:0030336	negative regulation of cell migration	2/21	368/18903	0.0622374630467566	0.20754185532255	0.16412607313779	MIR126/STC1	2
GO:0006695	cholesterol biosynthetic process	1/21	58/18903	0.0625271556124783	0.20754185532255	0.16412607313779	NPC1L1	1
GO:0006826	iron ion transport	1/21	58/18903	0.0625271556124783	0.20754185532255	0.16412607313779	CP	1
GO:0060350	endochondral bone morphogenesis	1/21	58/18903	0.0625271556124783	0.20754185532255	0.16412607313779	STC1	1
GO:1902653	secondary alcohol biosynthetic process	1/21	58/18903	0.0625271556124783	0.20754185532255	0.16412607313779	NPC1L1	1
GO:0090132	epithelium migration	2/21	369/18903	0.0625354408521273	0.20754185532255	0.16412607313779	MIR126/STC1	2
GO:0006611	protein export from nucleus	1/21	59/18903	0.0635718321702998	0.20754185532255	0.16412607313779	BAG3	1
GO:0042306	regulation of protein import into nucleus	1/21	59/18903	0.0635718321702998	0.20754185532255	0.16412607313779	BAG3	1
GO:0090130	tissue migration	2/21	374/18903	0.0640328540092339	0.20754185532255	0.16412607313779	MIR126/STC1	2
GO:0001658	branching involved in ureteric bud morphogenesis	1/21	60/18903	0.0646153999650579	0.20754185532255	0.16412607313779	HS3ST3B1	1
GO:1903670	regulation of sprouting angiogenesis	1/21	60/18903	0.0646153999650579	0.20754185532255	0.16412607313779	MIR126	1
GO:2000351	regulation of endothelial cell apoptotic process	1/21	60/18903	0.0646153999650579	0.20754185532255	0.16412607313779	MIR126	1
GO:0060135	maternal process involved in female pregnancy	1/21	61/18903	0.0656578601147544	0.207656785749783	0.16421696121276	STC1	1
GO:0030166	proteoglycan biosynthetic process	1/21	62/18903	0.0666992137363227	0.207656785749783	0.16421696121276	HS3ST3B1	1
GO:0032387	negative regulation of intracellular transport	1/21	62/18903	0.0666992137363227	0.207656785749783	0.16421696121276	BAG3	1
GO:0046824	positive regulation of nucleocytoplasmic transport	1/21	62/18903	0.0666992137363227	0.207656785749783	0.16421696121276	BAG3	1
GO:1904036	negative regulation of epithelial cell apoptotic process	1/21	62/18903	0.0666992137363227	0.207656785749783	0.16421696121276	MIR126	1
GO:2000146	negative regulation of cell motility	2/21	383/18903	0.0667593727452772	0.207656785749783	0.16421696121276	MIR126/STC1	2
GO:0071384	cellular response to corticosteroid stimulus	1/21	64/18903	0.0687786058574731	0.211487216557606	0.167246102327148	STC1	1
GO:0001885	endothelial cell development	1/21	65/18903	0.0698166465855899	0.211487216557606	0.167246102327148	STC1	1
GO:0016126	sterol biosynthetic process	1/21	65/18903	0.0698166465855899	0.211487216557606	0.167246102327148	NPC1L1	1
GO:0035065	regulation of histone acetylation	1/21	65/18903	0.0698166465855899	0.211487216557606	0.167246102327148	MUC1	1
GO:0006879	cellular iron ion homeostasis	1/21	66/18903	0.0708535852426498	0.211487216557606	0.167246102327148	CP	1
GO:0034605	cellular response to heat	1/21	66/18903	0.0708535852426498	0.211487216557606	0.167246102327148	BAG3	1
GO:0060675	ureteric bud morphogenesis	1/21	66/18903	0.0708535852426498	0.211487216557606	0.167246102327148	HS3ST3B1	1
GO:0072577	endothelial cell apoptotic process	1/21	66/18903	0.0708535852426498	0.211487216557606	0.167246102327148	MIR126	1
GO:0072171	mesonephric tubule morphogenesis	1/21	67/18903	0.0718894229402611	0.212306300622072	0.167893841795708	HS3ST3B1	1
GO:0051251	positive regulation of lymphocyte activation	2/21	400/18903	0.0720157720203054	0.212306300622072	0.167893841795708	IGHG4/GLI2	2
GO:0038034	signal transduction in absence of ligand	1/21	68/18903	0.0729241607889689	0.212306300622072	0.167893841795708	BAG3	1
GO:0048663	neuron fate commitment	1/21	68/18903	0.0729241607889689	0.212306300622072	0.167893841795708	GLI2	1
GO:0097192	extrinsic apoptotic signaling pathway in absence of ligand	1/21	68/18903	0.0729241607889689	0.212306300622072	0.167893841795708	BAG3	1
GO:0046847	filopodium assembly	1/21	69/18903	0.0739577998982567	0.214260096764067	0.169438922367523	ITGB4	1
GO:0007018	microtubule-based movement	2/21	415/18903	0.0767649151450029	0.217379591702723	0.171905848634801	BAG3/TEKT4	2
GO:0040013	negative regulation of locomotion	2/21	419/18903	0.0780483632988431	0.217379591702723	0.171905848634801	MIR126/STC1	2
GO:0071260	cellular response to mechanical stimulus	1/21	73/18903	0.0780813910937932	0.217379591702723	0.171905848634801	BAG3	1
GO:0001707	mesoderm formation	1/21	74/18903	0.0791095531111605	0.217379591702723	0.171905848634801	ITGB4	1
GO:0030330	DNA damage response, signal transduction by p53 class mediator	1/21	74/18903	0.0791095531111605	0.217379591702723	0.171905848634801	MUC1	1
GO:0043967	histone H4 acetylation	1/21	74/18903	0.0791095531111605	0.217379591702723	0.171905848634801	MUC1	1
GO:0051926	negative regulation of calcium ion transport	1/21	74/18903	0.0791095531111605	0.217379591702723	0.171905848634801	STC1	1
GO:2000756	regulation of peptidyl-lysine acetylation	1/21	74/18903	0.0791095531111605	0.217379591702723	0.171905848634801	MUC1	1
GO:0016239	positive regulation of macroautophagy	1/21	75/18903	0.0801366230237777	0.217379591702723	0.171905848634801	BAG3	1
GO:0043536	positive regulation of blood vessel endothelial cell migration	1/21	75/18903	0.0801366230237777	0.217379591702723	0.171905848634801	MIR126	1
GO:0072078	nephron tubule morphogenesis	1/21	75/18903	0.0801366230237777	0.217379591702723	0.171905848634801	HS3ST3B1	1
GO:0052548	regulation of endopeptidase activity	2/21	428/18903	0.0809616168221178	0.217379591702723	0.171905848634801	SERPINA3/PAPLN	2
GO:0001937	negative regulation of endothelial cell proliferation	1/21	76/18903	0.0811626019337257	0.217379591702723	0.171905848634801	MIR126	1
GO:0021536	diencephalon development	1/21	76/18903	0.0811626019337257	0.217379591702723	0.171905848634801	GLI2	1
GO:0048332	mesoderm morphogenesis	1/21	76/18903	0.0811626019337257	0.217379591702723	0.171905848634801	ITGB4	1
GO:0086003	cardiac muscle cell contraction	1/21	76/18903	0.0811626019337257	0.217379591702723	0.171905848634801	STC1	1
GO:0001503	ossification	2/21	429/18903	0.0812874615335057	0.217379591702723	0.171905848634801	STC1/GLI2	2
GO:0006024	glycosaminoglycan biosynthetic process	1/21	77/18903	0.0821874909420324	0.217601208269318	0.172081105123479	HS3ST3B1	1
GO:0072088	nephron epithelium morphogenesis	1/21	77/18903	0.0821874909420324	0.217601208269318	0.172081105123479	HS3ST3B1	1
GO:0055117	regulation of cardiac muscle contraction	1/21	78/18903	0.0832112911486732	0.217601208269318	0.172081105123479	STC1	1
GO:0090049	regulation of cell migration involved in sprouting angiogenesis	1/21	78/18903	0.0832112911486732	0.217601208269318	0.172081105123479	MIR126	1
GO:1903533	regulation of protein targeting	1/21	78/18903	0.0832112911486732	0.217601208269318	0.172081105123479	BAG3	1
GO:0061333	renal tubule morphogenesis	1/21	79/18903	0.0842340036525709	0.218837838781391	0.173059044294127	HS3ST3B1	1
GO:0014068	positive regulation of phosphatidylinositol 3-kinase signaling	1/21	80/18903	0.0852556295515987	0.218837838781391	0.173059044294127	MIR126	1
GO:0072028	nephron morphogenesis	1/21	80/18903	0.0852556295515987	0.218837838781391	0.173059044294127	HS3ST3B1	1
GO:0006023	aminoglycan biosynthetic process	1/21	81/18903	0.0862761699425787	0.218837838781391	0.173059044294127	HS3ST3B1	1
GO:0007422	peripheral nervous system development	1/21	81/18903	0.0862761699425787	0.218837838781391	0.173059044294127	ITGB4	1
GO:0044773	mitotic DNA damage checkpoint signaling	1/21	81/18903	0.0862761699425787	0.218837838781391	0.173059044294127	MUC1	1
GO:0072332	intrinsic apoptotic signaling pathway by p53 class mediator	1/21	81/18903	0.0862761699425787	0.218837838781391	0.173059044294127	MUC1	1
GO:2001021	negative regulation of response to DNA damage stimulus	1/21	82/18903	0.0872956259212848	0.220477414185809	0.174355636118086	MUC1	1
GO:0002696	positive regulation of leukocyte activation	2/21	450/18903	0.0882265791915929	0.221159208314507	0.174894805399664	IGHG4/GLI2	2
GO:0061912	selective autophagy	1/21	83/18903	0.0883139985824427	0.221159208314507	0.174894805399664	BAG3	1
GO:0010921	regulation of phosphatase activity	1/21	84/18903	0.0893312890197313	0.221929335953266	0.175503829661146	TMEM225	1
GO:0008625	extrinsic apoptotic signaling pathway via death domain receptors	1/21	85/18903	0.0903474983257827	0.221929335953266	0.175503829661146	BAG3	1
GO:0021954	central nervous system neuron development	1/21	85/18903	0.0903474983257827	0.221929335953266	0.175503829661146	GLI2	1
GO:0044774	mitotic DNA integrity checkpoint signaling	1/21	85/18903	0.0903474983257827	0.221929335953266	0.175503829661146	MUC1	1
GO:0052547	regulation of peptidase activity	2/21	459/18903	0.0912551180330716	0.221929335953266	0.175503829661146	SERPINA3/PAPLN	2
GO:0033077	T cell differentiation in thymus	1/21	86/18903	0.0913626275921854	0.221929335953266	0.175503829661146	GLI2	1
GO:0033273	response to vitamin	1/21	86/18903	0.0913626275921854	0.221929335953266	0.175503829661146	STC1	1
GO:0010660	regulation of muscle cell apoptotic process	1/21	87/18903	0.0923766779094813	0.221929335953266	0.175503829661146	BAG3	1
GO:1900182	positive regulation of protein localization to nucleus	1/21	87/18903	0.0923766779094813	0.221929335953266	0.175503829661146	BAG3	1
GO:2000134	negative regulation of G1/S transition of mitotic cell cycle	1/21	87/18903	0.0923766779094813	0.221929335953266	0.175503829661146	MUC1	1
GO:0055072	iron ion homeostasis	1/21	88/18903	0.0933896503671716	0.222553561963703	0.175997473527267	CP	1
GO:1901983	regulation of protein acetylation	1/21	88/18903	0.0933896503671716	0.222553561963703	0.175997473527267	MUC1	1
GO:0050867	positive regulation of cell activation	2/21	467/18903	0.0939736409436169	0.223045870673404	0.17638679593729	IGHG4/GLI2	2
GO:0006029	proteoglycan metabolic process	1/21	90/18903	0.0954123660565235	0.223157138622359	0.176474787689603	HS3ST3B1	1
GO:0051591	response to cAMP	1/21	90/18903	0.0954123660565235	0.223157138622359	0.176474787689603	STC1	1
GO:0007389	pattern specification process	2/21	472/18903	0.095685097687575	0.223157138622359	0.176474787689603	STC1/GLI2	2
GO:0001942	hair follicle development	1/21	91/18903	0.0964221114619782	0.223157138622359	0.176474787689603	GLI2	1
GO:0042475	odontogenesis of dentin-containing tooth	1/21	91/18903	0.0964221114619782	0.223157138622359	0.176474787689603	GLI2	1
GO:0010657	muscle cell apoptotic process	1/21	92/18903	0.0974307833554133	0.223157138622359	0.176474787689603	BAG3	1
GO:0051051	negative regulation of transport	2/21	479/18903	0.0980968107439867	0.223157138622359	0.176474787689603	STC1/BAG3	2
GO:0044070	regulation of anion transport	1/21	93/18903	0.0984383828211265	0.223157138622359	0.176474787689603	STC1	1
GO:0002042	cell migration involved in sprouting angiogenesis	1/21	94/18903	0.0994449109423793	0.223157138622359	0.176474787689603	MIR126	1
GO:0009953	dorsal/ventral pattern formation	1/21	94/18903	0.0994449109423793	0.223157138622359	0.176474787689603	GLI2	1
GO:0022404	molting cycle process	1/21	94/18903	0.0994449109423793	0.223157138622359	0.176474787689603	GLI2	1
GO:0022405	hair cycle process	1/21	94/18903	0.0994449109423793	0.223157138622359	0.176474787689603	GLI2	1
GO:0007044	cell-substrate junction assembly	1/21	95/18903	0.100450368801394	0.223157138622359	0.176474787689603	ITGB4	1
GO:0098773	skin epidermis development	1/21	95/18903	0.100450368801394	0.223157138622359	0.176474787689603	GLI2	1
GO:0009798	axis specification	1/21	96/18903	0.101454757479359	0.223157138622359	0.176474787689603	STC1	1
GO:0072080	nephron tubule development	1/21	96/18903	0.101454757479359	0.223157138622359	0.176474787689603	HS3ST3B1	1
GO:0001657	ureteric bud development	1/21	97/18903	0.102458078056428	0.223157138622359	0.176474787689603	HS3ST3B1	1
GO:0006942	regulation of striated muscle contraction	1/21	97/18903	0.102458078056428	0.223157138622359	0.176474787689603	STC1	1
GO:0008593	regulation of Notch signaling pathway	1/21	97/18903	0.102458078056428	0.223157138622359	0.176474787689603	MIR126	1
GO:0010596	negative regulation of endothelial cell migration	1/21	97/18903	0.102458078056428	0.223157138622359	0.176474787689603	STC1	1
GO:0060993	kidney morphogenesis	1/21	97/18903	0.102458078056428	0.223157138622359	0.176474787689603	HS3ST3B1	1
GO:0060349	bone morphogenesis	1/21	98/18903	0.10346033161172	0.223157138622359	0.176474787689603	STC1	1
GO:0072163	mesonephric epithelium development	1/21	98/18903	0.10346033161172	0.223157138622359	0.176474787689603	HS3ST3B1	1
GO:0072164	mesonephric tubule development	1/21	98/18903	0.10346033161172	0.223157138622359	0.176474787689603	HS3ST3B1	1
GO:1902807	negative regulation of cell cycle G1/S phase transition	1/21	98/18903	0.10346033161172	0.223157138622359	0.176474787689603	MUC1	1
GO:0061326	renal tubule development	1/21	99/18903	0.10446151922332	0.223620035290028	0.176840850777046	HS3ST3B1	1
GO:0034620	cellular response to unfolded protein	1/21	100/18903	0.105461641968285	0.223620035290028	0.176840850777046	BAG3	1
GO:0042632	cholesterol homeostasis	1/21	100/18903	0.105461641968285	0.223620035290028	0.176840850777046	NPC1L1	1
GO:0021549	cerebellum development	1/21	101/18903	0.106460700922636	0.223620035290028	0.176840850777046	GLI2	1
GO:0055092	sterol homeostasis	1/21	101/18903	0.106460700922636	0.223620035290028	0.176840850777046	NPC1L1	1
GO:0150115	cell-substrate junction organization	1/21	101/18903	0.106460700922636	0.223620035290028	0.176840850777046	ITGB4	1
GO:2001243	negative regulation of intrinsic apoptotic signaling pathway	1/21	101/18903	0.106460700922636	0.223620035290028	0.176840850777046	MUC1	1
GO:0001823	mesonephros development	1/21	102/18903	0.107458697161367	0.223620035290028	0.176840850777046	HS3ST3B1	1
GO:0008630	intrinsic apoptotic signaling pathway in response to DNA damage	1/21	102/18903	0.107458697161367	0.223620035290028	0.176840850777046	MUC1	1
GO:0031058	positive regulation of histone modification	1/21	102/18903	0.107458697161367	0.223620035290028	0.176840850777046	MUC1	1
GO:0006910	phagocytosis, recognition	1/21	103/18903	0.108455631758443	0.224603610833324	0.177618671671557	IGHG4	1
GO:0000041	transition metal ion transport	1/21	104/18903	0.109451505786797	0.224603610833324	0.177618671671557	CP	1
GO:0006626	protein targeting to mitochondrion	1/21	104/18903	0.109451505786797	0.224603610833324	0.177618671671557	BAG3	1
GO:0070252	actin-mediated cell contraction	1/21	104/18903	0.109451505786797	0.224603610833324	0.177618671671557	STC1	1
GO:1901796	regulation of signal transduction by p53 class mediator	1/21	105/18903	0.110446320318341	0.225860814215015	0.17861288006317	MUC1	1
GO:0006958	complement activation, classical pathway	1/21	106/18903	0.111440076423953	0.227107190229505	0.179598526069819	IGHG4	1
GO:0001708	cell fate specification	1/21	109/18903	0.114415004878656	0.231200277761372	0.182835378619733	GLI2	1
GO:0046822	regulation of nucleocytoplasmic transport	1/21	109/18903	0.114415004878656	0.231200277761372	0.182835378619733	BAG3	1
GO:0000045	autophagosome assembly	1/21	110/18903	0.115404537968875	0.231200277761372	0.182835378619733	BAG3	1
GO:0006766	vitamin metabolic process	1/21	110/18903	0.115404537968875	0.231200277761372	0.182835378619733	NPC1L1	1
GO:1904035	regulation of epithelial cell apoptotic process	1/21	110/18903	0.115404537968875	0.231200277761372	0.182835378619733	MIR126	1
GO:0014066	regulation of phosphatidylinositol 3-kinase signaling	1/21	111/18903	0.116393017972208	0.231610348894191	0.183159666771789	MIR126	1
GO:0022037	metencephalon development	1/21	111/18903	0.116393017972208	0.231610348894191	0.183159666771789	GLI2	1
GO:0007229	integrin-mediated signaling pathway	1/21	113/18903	0.118366822976177	0.233162545318243	0.184387158467005	ITGB4	1
GO:0010633	negative regulation of epithelial cell migration	1/21	113/18903	0.118366822976177	0.233162545318243	0.184387158467005	STC1	1
GO:0002526	acute inflammatory response	1/21	114/18903	0.11935215010324	0.233162545318243	0.184387158467005	SERPINA3	1
GO:0009408	response to heat	1/21	114/18903	0.11935215010324	0.233162545318243	0.184387158467005	BAG3	1
GO:0030004	cellular monovalent inorganic cation homeostasis	1/21	114/18903	0.11935215010324	0.233162545318243	0.184387158467005	TMPRSS3	1
GO:0001938	positive regulation of endothelial cell proliferation	1/21	115/18903	0.120336428396274	0.233162545318243	0.184387158467005	MIR126	1
GO:0042303	molting cycle	1/21	115/18903	0.120336428396274	0.233162545318243	0.184387158467005	GLI2	1
GO:0042633	hair cycle	1/21	115/18903	0.120336428396274	0.233162545318243	0.184387158467005	GLI2	1
GO:0046916	cellular transition metal ion homeostasis	1/21	116/18903	0.12131965891595	0.233162545318243	0.184387158467005	CP	1
GO:0072009	nephron epithelium development	1/21	116/18903	0.12131965891595	0.233162545318243	0.184387158467005	HS3ST3B1	1
GO:0021782	glial cell development	1/21	117/18903	0.122301842721921	0.233162545318243	0.184387158467005	ITGB4	1
GO:0045582	positive regulation of T cell differentiation	1/21	117/18903	0.122301842721921	0.233162545318243	0.184387158467005	GLI2	1
GO:1905037	autophagosome organization	1/21	117/18903	0.122301842721921	0.233162545318243	0.184387158467005	BAG3	1
GO:0002455	humoral immune response mediated by circulating immunoglobulin	1/21	119/18903	0.124263074426278	0.235318921110632	0.186092440953105	IGHG4	1
GO:0010927	cellular component assembly involved in morphogenesis	1/21	119/18903	0.124263074426278	0.235318921110632	0.186092440953105	ITGB4	1
GO:0035967	cellular response to topologically incorrect protein	1/21	120/18903	0.125242124438898	0.235318921110632	0.186092440953105	BAG3	1
GO:0051897	positive regulation of protein kinase B signaling	1/21	120/18903	0.125242124438898	0.235318921110632	0.186092440953105	MIR126	1
GO:0000077	DNA damage checkpoint signaling	1/21	121/18903	0.126220131966278	0.235318921110632	0.186092440953105	MUC1	1
GO:0030301	cholesterol transport	1/21	121/18903	0.126220131966278	0.235318921110632	0.186092440953105	NPC1L1	1
GO:0045446	endothelial cell differentiation	1/21	121/18903	0.126220131966278	0.235318921110632	0.186092440953105	STC1	1
GO:0030203	glycosaminoglycan metabolic process	1/21	123/18903	0.128173023782651	0.237461620863782	0.187786908297301	HS3ST3B1	1
GO:0072655	establishment of protein localization to mitochondrion	1/21	123/18903	0.128173023782651	0.237461620863782	0.187786908297301	BAG3	1
GO:0003014	renal system process	1/21	125/18903	0.130121758299954	0.240318622360227	0.19004625225388	STC1	1
GO:0001704	formation of primary germ layer	1/21	127/18903	0.132066343926604	0.242195756365285	0.191530707678665	ITGB4	1
GO:0006911	phagocytosis, engulfment	1/21	127/18903	0.132066343926604	0.242195756365285	0.191530707678665	IGHG4	1
GO:0046683	response to organophosphorus	1/21	128/18903	0.133037083529157	0.242195756365285	0.191530707678665	STC1	1
GO:0070585	protein localization to mitochondrion	1/21	128/18903	0.133037083529157	0.242195756365285	0.191530707678665	BAG3	1
GO:0031570	DNA integrity checkpoint signaling	1/21	129/18903	0.134006789054904	0.242195756365285	0.191530707678665	MUC1	1
GO:0051224	negative regulation of protein transport	1/21	129/18903	0.134006789054904	0.242195756365285	0.191530707678665	BAG3	1
GO:0051928	positive regulation of calcium ion transport	1/21	129/18903	0.134006789054904	0.242195756365285	0.191530707678665	STC1	1
GO:0045621	positive regulation of lymphocyte differentiation	1/21	130/18903	0.134975461550368	0.242463519076801	0.191742456977646	GLI2	1
GO:0050853	B cell receptor signaling pathway	1/21	130/18903	0.134975461550368	0.242463519076801	0.191742456977646	IGHG4	1
GO:0010595	positive regulation of endothelial cell migration	1/21	131/18903	0.135943102061072	0.24299593977671	0.192163500331034	MIR126	1
GO:0006956	complement activation	1/21	132/18903	0.136909711631534	0.24299593977671	0.192163500331034	IGHG4	1
GO:0048565	digestive tract development	1/21	132/18903	0.136909711631534	0.24299593977671	0.192163500331034	GLI2	1
GO:0035303	regulation of dephosphorylation	1/21	133/18903	0.137875291305272	0.24299593977671	0.192163500331034	TMEM225	1
GO:1904950	negative regulation of establishment of protein localization	1/21	133/18903	0.137875291305272	0.24299593977671	0.192163500331034	BAG3	1
GO:0030048	actin filament-based movement	1/21	134/18903	0.138839842124802	0.24299593977671	0.192163500331034	STC1	1
GO:0015918	sterol transport	1/21	135/18903	0.139803365131643	0.24299593977671	0.192163500331034	NPC1L1	1
GO:0035270	endocrine system development	1/21	135/18903	0.139803365131643	0.24299593977671	0.192163500331034	GLI2	1
GO:0042476	odontogenesis	1/21	135/18903	0.139803365131643	0.24299593977671	0.192163500331034	GLI2	1
GO:1900180	regulation of protein localization to nucleus	1/21	135/18903	0.139803365131643	0.24299593977671	0.192163500331034	BAG3	1
GO:0006275	regulation of DNA replication	1/21	136/18903	0.14076586136631	0.24299593977671	0.192163500331034	GLI2	1
GO:0007498	mesoderm development	1/21	136/18903	0.14076586136631	0.24299593977671	0.192163500331034	ITGB4	1
GO:0099024	plasma membrane invagination	1/21	136/18903	0.14076586136631	0.24299593977671	0.192163500331034	IGHG4	1
GO:1904019	epithelial cell apoptotic process	1/21	137/18903	0.141727331868324	0.24299593977671	0.192163500331034	MIR126	1
GO:0030879	mammary gland development	1/21	138/18903	0.142687777676209	0.24299593977671	0.192163500331034	GLI2	1
GO:0003158	endothelium development	1/21	139/18903	0.143647199827491	0.24299593977671	0.192163500331034	STC1	1
GO:0008203	cholesterol metabolic process	1/21	139/18903	0.143647199827491	0.24299593977671	0.192163500331034	NPC1L1	1
GO:0042157	lipoprotein metabolic process	1/21	140/18903	0.144605599358701	0.24299593977671	0.192163500331034	NPC1L1	1
GO:0060048	cardiac muscle contraction	1/21	140/18903	0.144605599358701	0.24299593977671	0.192163500331034	STC1	1
GO:0006986	response to unfolded protein	1/21	141/18903	0.145562977305376	0.24299593977671	0.192163500331034	BAG3	1
GO:0007093	mitotic cell cycle checkpoint signaling	1/21	141/18903	0.145562977305376	0.24299593977671	0.192163500331034	MUC1	1
GO:0014074	response to purine-containing compound	1/21	142/18903	0.14651933470206	0.24299593977671	0.192163500331034	STC1	1
GO:0042552	myelination	1/21	142/18903	0.14651933470206	0.24299593977671	0.192163500331034	ITGB4	1
GO:0051384	response to glucocorticoid	1/21	142/18903	0.14651933470206	0.24299593977671	0.192163500331034	STC1	1
GO:0010324	membrane invagination	1/21	143/18903	0.147474672582304	0.24299593977671	0.192163500331034	IGHG4	1
GO:0046165	alcohol biosynthetic process	1/21	143/18903	0.147474672582304	0.24299593977671	0.192163500331034	NPC1L1	1
GO:0055076	transition metal ion homeostasis	1/21	143/18903	0.147474672582304	0.24299593977671	0.192163500331034	CP	1
GO:0055123	digestive system development	1/21	143/18903	0.147474672582304	0.24299593977671	0.192163500331034	GLI2	1
GO:0007224	smoothened signaling pathway	1/21	144/18903	0.148428991978667	0.24299593977671	0.192163500331034	GLI2	1
GO:0007272	ensheathment of neurons	1/21	144/18903	0.148428991978667	0.24299593977671	0.192163500331034	ITGB4	1
GO:0008366	axon ensheathment	1/21	144/18903	0.148428991978667	0.24299593977671	0.192163500331034	ITGB4	1
GO:0010508	positive regulation of autophagy	1/21	144/18903	0.148428991978667	0.24299593977671	0.192163500331034	BAG3	1
GO:0014065	phosphatidylinositol 3-kinase signaling	1/21	145/18903	0.149382293922718	0.243881037868304	0.192863444320113	MIR126	1
GO:0060294	cilium movement involved in cell motility	1/21	146/18903	0.150334579445035	0.244087188054988	0.193026469848454	TEKT4	1
GO:0072073	kidney epithelium development	1/21	146/18903	0.150334579445035	0.244087188054988	0.193026469848454	HS3ST3B1	1
GO:1902652	secondary alcohol metabolic process	1/21	149/18903	0.15318534777254	0.248034357626223	0.196147929087262	NPC1L1	1
GO:0001890	placenta development	1/21	150/18903	0.154133577893943	0.248209658134387	0.196286558396416	STC1	1
GO:0043535	regulation of blood vessel endothelial cell migration	1/21	150/18903	0.154133577893943	0.248209658134387	0.196286558396416	MIR126	1
GO:0072006	nephron development	1/21	152/18903	0.156027005310432	0.250575978637135	0.19815786715627	HS3ST3B1	1
GO:0030902	hindbrain development	1/21	153/18903	0.156972204653853	0.250883306206245	0.198400904720942	GLI2	1
GO:0007584	response to nutrient	1/21	154/18903	0.157916395784641	0.250883306206245	0.198400904720942	STC1	1
GO:0016125	sterol metabolic process	1/21	154/18903	0.157916395784641	0.250883306206245	0.198400904720942	NPC1L1	1
GO:0050729	positive regulation of inflammatory response	1/21	154/18903	0.157916395784641	0.250883306206245	0.198400904720942	MIR126	1
GO:0050871	positive regulation of B cell activation	1/21	155/18903	0.158859579724506	0.251705124979043	0.199050806822861	IGHG4	1
GO:0090316	positive regulation of intracellular protein transport	1/21	157/18903	0.160742930113402	0.254008213093638	0.200872110808755	BAG3	1
GO:0001539	cilium or flagellum-dependent cell motility	1/21	159/18903	0.162622263974619	0.25493304511671	0.201603476768758	TEKT4	1
GO:0007605	sensory perception of sound	1/21	159/18903	0.162622263974619	0.25493304511671	0.201603476768758	TMPRSS3	1
GO:0060285	cilium-dependent cell motility	1/21	159/18903	0.162622263974619	0.25493304511671	0.201603476768758	TEKT4	1
GO:0016241	regulation of macroautophagy	1/21	160/18903	0.163560427251216	0.255725429908647	0.202230102198663	BAG3	1
GO:0035966	response to topologically incorrect protein	1/21	163/18903	0.166368914652088	0.258926099973233	0.20476122252759	BAG3	1
GO:0021915	neural tube development	1/21	164/18903	0.16730307968903	0.258926099973233	0.20476122252759	GLI2	1
GO:0055067	monovalent inorganic cation homeostasis	1/21	164/18903	0.16730307968903	0.258926099973233	0.20476122252759	TMPRSS3	1
GO:0006606	protein import into nucleus	1/21	165/18903	0.168236247698344	0.258926099973233	0.20476122252759	BAG3	1
GO:0031960	response to corticosteroid	1/21	165/18903	0.168236247698344	0.258926099973233	0.20476122252759	STC1	1
GO:0051168	nuclear export	1/21	165/18903	0.168236247698344	0.258926099973233	0.20476122252759	BAG3	1
GO:0043271	negative regulation of ion transport	1/21	167/18903	0.170099596676987	0.26111392632753	0.206491376417176	STC1	1
GO:0010970	transport along microtubule	1/21	168/18903	0.17102977966534	0.261861657466881	0.207082689313911	BAG3	1
GO:0051170	import into nucleus	1/21	169/18903	0.171958969664114	0.26260400793667	0.20766974712598	BAG3	1
GO:2001242	regulation of intrinsic apoptotic signaling pathway	1/21	172/18903	0.174740591789011	0.264638473899705	0.209278622159531	MUC1	1
GO:0072331	signal transduction by p53 class mediator	1/21	173/18903	0.175665819890684	0.264638473899705	0.209278622159531	MUC1	1
GO:0006937	regulation of muscle contraction	1/21	174/18903	0.176590060028553	0.264638473899705	0.209278622159531	STC1	1
GO:0021953	central nervous system neuron differentiation	1/21	174/18903	0.176590060028553	0.264638473899705	0.209278622159531	GLI2	1
GO:0055088	lipid homeostasis	1/21	174/18903	0.176590060028553	0.264638473899705	0.209278622159531	NPC1L1	1
GO:0031056	regulation of histone modification	1/21	175/18903	0.177513313204878	0.264638473899705	0.209278622159531	MUC1	1
GO:0010634	positive regulation of epithelial cell migration	1/21	176/18903	0.178435580420956	0.264638473899705	0.209278622159531	MIR126	1
GO:0050680	negative regulation of epithelial cell proliferation	1/21	176/18903	0.178435580420956	0.264638473899705	0.209278622159531	MIR126	1
GO:1901136	carbohydrate derivative catabolic process	1/21	176/18903	0.178435580420956	0.264638473899705	0.209278622159531	CHI3L2	1
GO:0043534	blood vessel endothelial cell migration	1/21	177/18903	0.179356862677119	0.264638473899705	0.209278622159531	MIR126	1
GO:0006694	steroid biosynthetic process	1/21	178/18903	0.180277160972739	0.264638473899705	0.209278622159531	NPC1L1	1
GO:0048015	phosphatidylinositol-mediated signaling	1/21	178/18903	0.180277160972739	0.264638473899705	0.209278622159531	MIR126	1
GO:0048736	appendage development	1/21	178/18903	0.180277160972739	0.264638473899705	0.209278622159531	ITGB4	1
GO:0060173	limb development	1/21	178/18903	0.180277160972739	0.264638473899705	0.209278622159531	ITGB4	1
GO:0045580	regulation of T cell differentiation	1/21	179/18903	0.181196476306227	0.264638473899705	0.209278622159531	GLI2	1
GO:0016573	histone acetylation	1/21	180/18903	0.182114809675036	0.264638473899705	0.209278622159531	MUC1	1
GO:0035265	organ growth	1/21	180/18903	0.182114809675036	0.264638473899705	0.209278622159531	STC1	1
GO:0050954	sensory perception of mechanical stimulus	1/21	180/18903	0.182114809675036	0.264638473899705	0.209278622159531	TMPRSS3	1
GO:0006941	striated muscle contraction	1/21	181/18903	0.183032162075657	0.264638473899705	0.209278622159531	STC1	1
GO:0042770	signal transduction in response to DNA damage	1/21	181/18903	0.183032162075657	0.264638473899705	0.209278622159531	MUC1	1
GO:0048017	inositol lipid-mediated signaling	1/21	182/18903	0.183948534503624	0.264638473899705	0.209278622159531	MIR126	1
GO:0001936	regulation of endothelial cell proliferation	1/21	183/18903	0.184863927953516	0.264638473899705	0.209278622159531	MIR126	1
GO:0007219	Notch signaling pathway	1/21	183/18903	0.184863927953516	0.264638473899705	0.209278622159531	MIR126	1
GO:0050728	negative regulation of inflammatory response	1/21	184/18903	0.185778343418953	0.264638473899705	0.209278622159531	MIR126	1
GO:1902107	positive regulation of leukocyte differentiation	1/21	184/18903	0.185778343418953	0.264638473899705	0.209278622159531	GLI2	1
GO:1903708	positive regulation of hemopoiesis	1/21	184/18903	0.185778343418953	0.264638473899705	0.209278622159531	GLI2	1
GO:0002040	sprouting angiogenesis	1/21	185/18903	0.1866917818926	0.264638473899705	0.209278622159531	MIR126	1
GO:2000045	regulation of G1/S transition of mitotic cell cycle	1/21	185/18903	0.1866917818926	0.264638473899705	0.209278622159531	MUC1	1
GO:0000075	cell cycle checkpoint signaling	1/21	186/18903	0.187604244366168	0.264638473899705	0.209278622159531	MUC1	1
GO:0009266	response to temperature stimulus	1/21	186/18903	0.187604244366168	0.264638473899705	0.209278622159531	BAG3	1
GO:0018393	internal peptidyl-lysine acetylation	1/21	186/18903	0.187604244366168	0.264638473899705	0.209278622159531	MUC1	1
GO:0030324	lung development	1/21	187/18903	0.188515731830416	0.264638473899705	0.209278622159531	GLI2	1
GO:0045766	positive regulation of angiogenesis	1/21	187/18903	0.188515731830416	0.264638473899705	0.209278622159531	MIR126	1
GO:1904018	positive regulation of vasculature development	1/21	187/18903	0.188515731830416	0.264638473899705	0.209278622159531	MIR126	1
GO:0006475	internal protein amino acid acetylation	1/21	188/18903	0.189426245275145	0.264678704334877	0.209310436770301	MUC1	1
GO:0006839	mitochondrial transport	1/21	189/18903	0.19033578568921	0.264678704334877	0.209310436770301	BAG3	1
GO:0007286	spermatid development	1/21	189/18903	0.19033578568921	0.264678704334877	0.209310436770301	TSSK2	1
GO:0051896	regulation of protein kinase B signaling	1/21	189/18903	0.19033578568921	0.264678704334877	0.209310436770301	MIR126	1
GO:0030323	respiratory tube development	1/21	191/18903	0.192151951375999	0.266577002965294	0.210811629382119	GLI2	1
GO:1901991	negative regulation of mitotic cell cycle phase transition	1/21	194/18903	0.19486892684286	0.269713198510843	0.213291762648169	MUC1	1
GO:0003341	cilium movement	1/21	195/18903	0.19577264978563	0.270314337898915	0.213767149393745	TEKT4	1
GO:0007369	gastrulation	1/21	196/18903	0.196675406593119	0.270314337898915	0.213767149393745	ITGB4	1
GO:0048515	spermatid differentiation	1/21	196/18903	0.196675406593119	0.270314337898915	0.213767149393745	TSSK2	1
GO:0018394	peptidyl-lysine acetylation	1/21	197/18903	0.197577198246593	0.270923721957626	0.214249056103279	MUC1	1
GO:0001935	endothelial cell proliferation	1/21	199/18903	0.199377890011848	0.272130099300236	0.215203070779776	MIR126	1
GO:0032388	positive regulation of intracellular transport	1/21	199/18903	0.199377890011848	0.272130099300236	0.215203070779776	BAG3	1
GO:0051216	cartilage development	1/21	201/18903	0.201174732912665	0.273949924311947	0.216642205707551	STC1	1
GO:1903828	negative regulation of protein localization	1/21	203/18903	0.202967734765247	0.275756163784508	0.218070597061754	BAG3	1
GO:0050864	regulation of B cell activation	1/21	204/18903	0.203862797736901	0.276336957482818	0.218529894242357	IGHG4	1
GO:0030705	cytoskeleton-dependent intracellular transport	1/21	208/18903	0.207433485968885	0.280454098483805	0.221785768504425	BAG3	1
GO:0071383	cellular response to steroid hormone stimulus	1/21	209/18903	0.208323771970204	0.280454098483805	0.221785768504425	STC1	1
GO:0099111	microtubule-based transport	1/21	209/18903	0.208323771970204	0.280454098483805	0.221785768504425	BAG3	1
GO:0045619	regulation of lymphocyte differentiation	1/21	210/18903	0.209213105488371	0.280927554541821	0.222160182058186	GLI2	1
GO:0009612	response to mechanical stimulus	1/21	211/18903	0.210101487491514	0.280927554541821	0.222160182058186	BAG3	1
GO:0060541	respiratory system development	1/21	211/18903	0.210101487491514	0.280927554541821	0.222160182058186	GLI2	1
GO:0002064	epithelial cell development	1/21	213/18903	0.211875400820567	0.281301369217317	0.222455798258952	STC1	1
GO:0007033	vacuole organization	1/21	213/18903	0.211875400820567	0.281301369217317	0.222455798258952	BAG3	1
GO:1902806	regulation of cell cycle G1/S phase transition	1/21	213/18903	0.211875400820567	0.281301369217317	0.222455798258952	MUC1	1
GO:0008016	regulation of heart contraction	1/21	214/18903	0.212760934078072	0.281301369217317	0.222455798258952	STC1	1
GO:0050821	protein stabilization	1/21	214/18903	0.212760934078072	0.281301369217317	0.222455798258952	BAG3	1
GO:0016064	immunoglobulin mediated immune response	1/21	215/18903	0.213645519683742	0.281840406547079	0.222882074106159	IGHG4	1
GO:0019724	B cell mediated immunity	1/21	218/18903	0.21629360021983	0.284065594955377	0.224641774263403	IGHG4	1
GO:0043491	protein kinase B signaling	1/21	218/18903	0.21629360021983	0.284065594955377	0.224641774263403	MIR126	1
GO:0006457	protein folding	1/21	223/18903	0.220688204485119	0.288424017492066	0.228088456258753	BAG3	1
GO:0070374	positive regulation of ERK1 and ERK2 cascade	1/21	223/18903	0.220688204485119	0.288424017492066	0.228088456258753	MIR126	1
GO:0050679	positive regulation of epithelial cell proliferation	1/21	224/18903	0.22156430446937	0.288424017492066	0.228088456258753	MIR126	1
GO:0097191	extrinsic apoptotic signaling pathway	1/21	224/18903	0.22156430446937	0.288424017492066	0.228088456258753	BAG3	1
GO:0033157	regulation of intracellular protein transport	1/21	225/18903	0.222439466394856	0.288926867339252	0.228486114700558	BAG3	1
GO:0046777	protein autophosphorylation	1/21	226/18903	0.223313691215806	0.289289312472378	0.228772739759081	TSSK2	1
GO:0010001	glial cell differentiation	1/21	227/18903	0.224186979885532	0.289289312472378	0.228772739759081	ITGB4	1
GO:0048705	skeletal system morphogenesis	1/21	227/18903	0.224186979885532	0.289289312472378	0.228772739759081	STC1	1
GO:0006473	protein acetylation	1/21	230/18903	0.226801238506694	0.291390286864035	0.230434210290554	MUC1	1
GO:0008037	cell recognition	1/21	230/18903	0.226801238506694	0.291390286864035	0.230434210290554	IGHG4	1
GO:0060348	bone development	1/21	233/18903	0.229407105997915	0.293462336893437	0.232072807161254	STC1	1
GO:2001234	negative regulation of apoptotic signaling pathway	1/21	233/18903	0.229407105997915	0.293462336893437	0.232072807161254	MUC1	1
GO:0007411	axon guidance	1/21	236/18903	0.232004607950102	0.296144110795919	0.234193579469923	GLI2	1
GO:0097485	neuron projection guidance	1/21	237/18903	0.232868587337955	0.296606325682611	0.234559103398485	GLI2	1
GO:0007160	cell-matrix adhesion	1/21	238/18903	0.233731641000545	0.297065375981338	0.234922124740785	ITGB4	1
GO:0006354	DNA-templated transcription elongation	1/21	241/18903	0.236315257055596	0.299704542746475	0.237009202920002	MUC1	1
GO:1901617	organic hydroxy compound biosynthetic process	1/21	245/18903	0.239747175373484	0.303190380672605	0.239765836706094	NPC1L1	1
GO:0001649	osteoblast differentiation	1/21	246/18903	0.240602857081982	0.303190380672605	0.239765836706094	GLI2	1
GO:0045930	negative regulation of mitotic cell cycle	1/21	246/18903	0.240602857081982	0.303190380672605	0.239765836706094	MUC1	1
GO:0000082	G1/S transition of mitotic cell cycle	1/21	250/18903	0.244016420484886	0.306186209143455	0.242134966354429	MUC1	1
GO:0060047	heart contraction	1/21	250/18903	0.244016420484886	0.306186209143455	0.242134966354429	STC1	1
GO:0050870	positive regulation of T cell activation	1/21	251/18903	0.244867525142036	0.306603193557083	0.242464721594701	GLI2	1
GO:0050851	antigen receptor-mediated signaling pathway	1/21	252/18903	0.245717717184284	0.307017274536812	0.242792180771831	IGHG4	1
GO:0090257	regulation of muscle system process	1/21	256/18903	0.249109377784645	0.310598401415033	0.245624169967539	STC1	1
GO:0003015	heart process	1/21	261/18903	0.253328530997383	0.315194024883059	0.24925843271543	STC1	1
GO:1903522	regulation of blood circulation	1/21	263/18903	0.255009862316882	0.316619387876632	0.2503856233275	STC1	1
GO:0051924	regulation of calcium ion transport	1/21	268/18903	0.25919743012351	0.321143985750512	0.25396371836001	STC1	1
GO:0031348	negative regulation of defense response	1/21	272/18903	0.262531334083233	0.32324170508998	0.255622614765253	MIR126	1
GO:0043543	protein acylation	1/21	272/18903	0.262531334083233	0.32324170508998	0.255622614765253	MUC1	1
GO:1901988	negative regulation of cell cycle phase transition	1/21	272/18903	0.262531334083233	0.32324170508998	0.255622614765253	MUC1	1
GO:0061448	connective tissue development	1/21	274/18903	0.264192922740089	0.324282041907702	0.256445323015442	STC1	1
GO:0001894	tissue homeostasis	1/21	275/18903	0.265022379427107	0.324282041907702	0.256445323015442	SERPINA3	1
GO:1903039	positive regulation of leukocyte cell-cell adhesion	1/21	275/18903	0.265022379427107	0.324282041907702	0.256445323015442	GLI2	1
GO:0044843	cell cycle G1/S phase transition	1/21	280/18903	0.269156322792153	0.328659890020997	0.259907366941531	MUC1	1
GO:0045165	cell fate commitment	1/21	282/18903	0.270803691691767	0.329989653174916	0.260958956291144	GLI2	1
GO:0006874	cellular calcium ion homeostasis	1/21	284/18903	0.272447523758354	0.331309643088862	0.262002816869632	STC1	1
GO:0006260	DNA replication	1/21	286/18903	0.274087826206451	0.332619928722818	0.263039003211205	GLI2	1
GO:0043270	positive regulation of ion transport	1/21	289/18903	0.276541677591422	0.33491010544371	0.264850096744158	STC1	1
GO:0015850	organic hydroxy compound transport	1/21	292/18903	0.278987627776181	0.337181366085323	0.266646231261704	NPC1L1	1
GO:0051222	positive regulation of protein transport	1/21	294/18903	0.280613883617208	0.338454704526061	0.267653199411472	BAG3	1
GO:0030217	T cell differentiation	1/21	296/18903	0.28223664570379	0.339028165875894	0.268106698101161	GLI2	1
GO:0042886	amide transport	1/21	296/18903	0.28223664570379	0.339028165875894	0.268106698101161	SLC14A1	1
GO:0097193	intrinsic apoptotic signaling pathway	1/21	298/18903	0.283855921167184	0.34028164180488	0.269097958787723	MUC1	1
GO:0051054	positive regulation of DNA metabolic process	1/21	301/18903	0.286278312509495	0.342490855654072	0.270845026111689	GLI2	1
GO:0034504	protein localization to nucleus	1/21	306/18903	0.290298298931888	0.346598575088375	0.274093449709215	BAG3	1
GO:0031349	positive regulation of defense response	1/21	307/18903	0.291099704304928	0.346619865213726	0.274110286142834	MIR126	1
GO:0007162	negative regulation of cell adhesion	1/21	308/18903	0.291900247766404	0.346619865213726	0.274110286142834	MUC1	1
GO:0055074	calcium ion homeostasis	1/21	309/18903	0.292699930196998	0.346619865213726	0.274110286142834	STC1	1
GO:0042063	gliogenesis	1/21	310/18903	0.293498752476544	0.346619865213726	0.274110286142834	ITGB4	1
GO:1904951	positive regulation of establishment of protein localization	1/21	310/18903	0.293498752476544	0.346619865213726	0.274110286142834	BAG3	1
GO:0002429	immune response-activating cell surface receptor signaling pathway	1/21	312/18903	0.295093820097553	0.346619865213726	0.274110286142834	IGHG4	1
GO:0002757	immune response-activating signal transduction	1/21	312/18903	0.295093820097553	0.346619865213726	0.274110286142834	IGHG4	1
GO:2001020	regulation of response to DNA damage stimulus	1/21	312/18903	0.295093820097553	0.346619865213726	0.274110286142834	MUC1	1
GO:0018105	peptidyl-serine phosphorylation	1/21	313/18903	0.295890067194426	0.346619865213726	0.274110286142834	TSSK2	1
GO:0006909	phagocytosis	1/21	314/18903	0.296685457651065	0.346619865213726	0.274110286142834	IGHG4	1
GO:0070372	regulation of ERK1 and ERK2 cascade	1/21	315/18903	0.297479992343051	0.346619865213726	0.274110286142834	MIR126	1
GO:0007281	germ cell development	1/21	316/18903	0.298273672145116	0.346619865213726	0.274110286142834	TSSK2	1
GO:0016236	macroautophagy	1/21	317/18903	0.299066497931147	0.346619865213726	0.274110286142834	BAG3	1
GO:1902105	regulation of leukocyte differentiation	1/21	317/18903	0.299066497931147	0.346619865213726	0.274110286142834	GLI2	1
GO:0010948	negative regulation of cell cycle process	1/21	318/18903	0.299858470574182	0.346619865213726	0.274110286142834	MUC1	1
GO:0030198	extracellular matrix organization	1/21	318/18903	0.299858470574182	0.346619865213726	0.274110286142834	PAPLN	1
GO:0043062	extracellular structure organization	1/21	319/18903	0.300649590946414	0.346619865213726	0.274110286142834	PAPLN	1
GO:0006959	humoral immune response	1/21	320/18903	0.301439859919193	0.346619865213726	0.274110286142834	IGHG4	1
GO:0009101	glycoprotein biosynthetic process	1/21	321/18903	0.302229278363024	0.346619865213726	0.274110286142834	HS3ST3B1	1
GO:0045229	external encapsulating structure organization	1/21	321/18903	0.302229278363024	0.346619865213726	0.274110286142834	PAPLN	1
GO:0022409	positive regulation of cell-cell adhesion	1/21	322/18903	0.303017847147566	0.346619865213726	0.274110286142834	GLI2	1
GO:0008202	steroid metabolic process	1/21	323/18903	0.303805567141641	0.346619865213726	0.274110286142834	NPC1L1	1
GO:0072503	cellular divalent inorganic cation homeostasis	1/21	323/18903	0.303805567141641	0.346619865213726	0.274110286142834	STC1	1
GO:0006605	protein targeting	1/21	325/18903	0.305378464229454	0.347074369922322	0.274469712789226	BAG3	1
GO:0031647	regulation of protein stability	1/21	325/18903	0.305378464229454	0.347074369922322	0.274469712789226	BAG3	1
GO:0071496	cellular response to external stimulus	1/21	328/18903	0.307731465604781	0.348626844422583	0.275697424389753	BAG3	1
GO:0006913	nucleocytoplasmic transport	1/21	329/18903	0.308514111054164	0.348626844422583	0.275697424389753	BAG3	1
GO:0051169	nuclear transport	1/21	329/18903	0.308514111054164	0.348626844422583	0.275697424389753	BAG3	1
GO:0018209	peptidyl-serine modification	1/21	332/18903	0.31085699445635	0.350603976571952	0.277260959298151	TSSK2	1
GO:0071214	cellular response to abiotic stimulus	1/21	335/18903	0.313192316517533	0.351894789090992	0.278281746115238	BAG3	1
GO:0104004	cellular response to environmental stimulus	1/21	335/18903	0.313192316517533	0.351894789090992	0.278281746115238	BAG3	1
GO:0032386	regulation of intracellular transport	1/21	336/18903	0.313969080916129	0.352098153361351	0.278442568514453	BAG3	1
GO:0006790	sulfur compound metabolic process	1/21	338/18903	0.315520100424504	0.353167385134245	0.279288127170015	HS3ST3B1	1
GO:0048545	response to steroid hormone	1/21	339/18903	0.316294357246	0.353364773407157	0.27944422369361	STC1	1
GO:0070371	ERK1 and ERK2 cascade	1/21	340/18903	0.317067779918799	0.35356048666417	0.279598995598702	MIR126	1
GO:0002768	immune response-regulating cell surface receptor signaling pathway	1/21	341/18903	0.317840369296685	0.35375453531891	0.279752451120484	IGHG4	1
GO:0010506	regulation of autophagy	1/21	344/18903	0.320153146186314	0.35565885224833	0.281258403060395	BAG3	1
GO:0019216	regulation of lipid metabolic process	1/21	347/18903	0.322458454078625	0.357547741764479	0.282752154855159	SERPINA3	1
GO:0045765	regulation of angiogenesis	1/21	349/18903	0.323991187884359	0.358574516928195	0.283564138420374	MIR126	1
GO:0042113	B cell activation	1/21	350/18903	0.324756315892035	0.358749500359239	0.283702516981926	IGHG4	1
GO:0006936	muscle contraction	1/21	351/18903	0.325520619097246	0.358922921429986	0.283839660014095	STC1	1
GO:1901990	regulation of mitotic cell cycle phase transition	1/21	354/18903	0.327808588341184	0.360772580464878	0.285302387971157	MUC1	1
GO:1901342	regulation of vasculature development	1/21	355/18903	0.328569600775538	0.360937981521083	0.285433188699548	MIR126	1
GO:0072507	divalent inorganic cation homeostasis	1/21	356/18903	0.329329792622837	0.361101869091089	0.285562792548657	STC1	1
GO:0016311	dephosphorylation	1/21	357/18903	0.330089164723712	0.361264252503174	0.285691206895377	TMEM225	1
GO:0003002	regionalization	1/21	360/18903	0.332362370941846	0.36307978045588	0.287126943668021	GLI2	1
GO:0008544	epidermis development	1/21	362/18903	0.333873758396669	0.363387460796374	0.287370260207659	GLI2	1
GO:0060271	cilium assembly	1/21	362/18903	0.333873758396669	0.363387460796374	0.287370260207659	TEKT4	1
GO:0002449	lymphocyte mediated immunity	1/21	367/18903	0.337637984035159	0.3661358689262	0.289543727497075	IGHG4	1
GO:0006066	alcohol metabolic process	1/21	367/18903	0.337637984035159	0.3661358689262	0.289543727497075	NPC1L1	1
GO:0031589	cell-substrate adhesion	1/21	369/18903	0.339137994590728	0.367088928210843	0.290297415844001	ITGB4	1
GO:2001233	regulation of apoptotic signaling pathway	1/21	374/18903	0.342873879864087	0.370454228518602	0.292958727335042	MUC1	1
GO:0002460	adaptive immune response based on somatic recombination of immune receptors built from immunoglobulin superfamily domains	1/21	375/18903	0.343618639350451	0.370581415795833	0.293059308243566	IGHG4	1
GO:0050863	regulation of T cell activation	1/21	376/18903	0.344362594908182	0.370707274300065	0.293158838345763	GLI2	1
GO:1903037	regulation of leukocyte cell-cell adhesion	1/21	377/18903	0.345105747361732	0.370831812165062	0.293257324073893	GLI2	1
GO:0042742	defense response to bacterium	1/21	382/18903	0.348809491866604	0.374131415051113	0.295866681418994	IGHG4	1
GO:0030900	forebrain development	1/21	383/18903	0.349547842963781	0.374244157955787	0.295955839580318	GLI2	1
GO:0044782	cilium organization	1/21	391/18903	0.355426015564306	0.379849503071437	0.300388599810701	TEKT4	1
GO:0009100	glycoprotein metabolic process	1/21	395/18903	0.358346095808046	0.382278957802446	0.302309835718739	HS3ST3B1	1
GO:0002253	activation of immune response	1/21	397/18903	0.359801407144122	0.383139876796714	0.302990658647682	IGHG4	1
GO:0045786	negative regulation of cell cycle	1/21	405/18903	0.365591277963271	0.388605117403405	0.307312622899834	MUC1	1
GO:0032970	regulation of actin filament-based process	1/21	406/18903	0.366311495455041	0.388671622646193	0.307365215878368	STC1	1
GO:1903706	regulation of hemopoiesis	1/21	413/18903	0.371331257926695	0.391243333278645	0.309398949106275	GLI2	1
GO:0007159	leukocyte cell-cell adhesion	1/21	414/18903	0.372045267855497	0.391243333278645	0.309398949106275	GLI2	1
GO:0018205	peptidyl-lysine modification	1/21	414/18903	0.372045267855497	0.391243333278645	0.309398949106275	MUC1	1
GO:0050678	regulation of epithelial cell proliferation	1/21	414/18903	0.372045267855497	0.391243333278645	0.309398949106275	MIR126	1
GO:0050727	regulation of inflammatory response	1/21	414/18903	0.372045267855497	0.391243333278645	0.309398949106275	MIR126	1
GO:0030098	lymphocyte differentiation	1/21	419/18903	0.375603747934924	0.394283863285151	0.311803429154167	GLI2	1
GO:0010959	regulation of metal ion transport	1/21	423/18903	0.378436696018701	0.396553346360022	0.313598157955026	STC1	1
GO:0031331	positive regulation of cellular catabolic process	1/21	429/18903	0.382663176460668	0.399592010123782	0.316001162160404	BAG3	1
GO:0022412	cellular process involved in reproduction in multicellular organism	1/21	430/18903	0.383364923418247	0.399592010123782	0.316001162160404	TSSK2	1
GO:0034329	cell junction assembly	1/21	430/18903	0.383364923418247	0.399592010123782	0.316001162160404	ITGB4	1
GO:0006869	lipid transport	1/21	433/18903	0.385465608890968	0.401074251504511	0.317173332742012	NPC1L1	1
GO:0032102	negative regulation of response to external stimulus	1/21	436/18903	0.387559477650576	0.402544202621248	0.318335784065962	MIR126	1
GO:0007409	axonogenesis	1/21	438/18903	0.38895161347573	0.40261531903111	0.318392023599275	GLI2	1
GO:0006816	calcium ion transport	1/21	440/18903	0.390340735205299	0.40261531903111	0.318392023599275	STC1	1
GO:0045936	negative regulation of phosphate metabolic process	1/21	440/18903	0.390340735205299	0.40261531903111	0.318392023599275	TMEM225	1
GO:0010563	negative regulation of phosphorus metabolic process	1/21	441/18903	0.391034167722262	0.40261531903111	0.318392023599275	TMEM225	1
GO:0048732	gland development	1/21	441/18903	0.391034167722262	0.40261531903111	0.318392023599275	GLI2	1
GO:0048568	embryonic organ development	1/21	449/18903	0.3965546495141	0.406881593511863	0.321765834035564	GLI2	1
GO:0072594	establishment of protein localization to organelle	1/21	449/18903	0.3965546495141	0.406881593511863	0.321765834035564	BAG3	1
GO:1903829	positive regulation of protein localization	1/21	451/18903	0.397927304222368	0.407582386127243	0.322320027501106	BAG3	1
GO:1901987	regulation of cell cycle phase transition	1/21	453/18903	0.399296984920697	0.408277712955246	0.322869898570005	MUC1	1
GO:0003012	muscle system process	1/21	455/18903	0.400663697731101	0.408967608564906	0.323415474579781	STC1	1
GO:0002443	leukocyte mediated immunity	1/21	463/18903	0.406100992116252	0.413778672487543	0.327220109688252	IGHG4	1
GO:0032103	positive regulation of response to external stimulus	1/21	464/18903	0.406777341311781	0.413778672487543	0.327220109688252	MIR126	1
GO:0044772	mitotic cell cycle phase transition	1/21	473/18903	0.412831562307053	0.417741641251186	0.330354063078683	MUC1	1
GO:1903131	mononuclear cell differentiation	1/21	473/18903	0.412831562307053	0.417741641251186	0.330354063078683	GLI2	1
GO:0016570	histone modification	1/21	474/18903	0.413500609360311	0.417741641251186	0.330354063078683	MUC1	1
GO:0031667	response to nutrient levels	1/21	474/18903	0.413500609360311	0.417741641251186	0.330354063078683	STC1	1
GO:0050673	epithelial cell proliferation	1/21	481/18903	0.418163650345214	0.421731599580242	0.333509360074142	MIR126	1
GO:0010876	lipid localization	1/21	483/18903	0.419489448889282	0.422294897657947	0.333954821551569	NPC1L1	1
GO:0045785	positive regulation of cell adhesion	1/21	484/18903	0.420151268735826	0.422294897657947	0.333954821551569	GLI2	1
GO:0022407	regulation of cell-cell adhesion	1/21	490/18903	0.424107122562397	0.424825948193859	0.335956400388411	GLI2	1
GO:0061564	axon development	1/21	490/18903	0.424107122562397	0.424825948193859	0.335956400388411	GLI2	1
GO:0043410	positive regulation of MAPK cascade	1/21	496/18903	0.428037265466805	0.428037265466805	0.338495940630976	MIR126	1
